pct_sinalizados,treino_oof,teste
0.0,0.0,0.0
1.0,4.29,3.97
2.0,7.35,7.14
3.0,9.39,8.73
4.0,10.61,8.73
5.0,11.84,11.9
6.0,13.67,11.9
7.0,15.31,17.46
8.0,17.14,18.25
9.0,17.35,18.25
10.0,18.37,21.43
11.0,18.78,21.43
12.0,20.0,21.43
13.0,21.43,22.22
14.0,21.63,23.81
15.0,23.27,25.4
16.0,24.69,25.4
17.0,24.69,25.4
18.0,26.33,27.78
19.0,28.78,28.57
20.0,29.8,29.37
21.0,32.04,30.16
22.0,32.24,30.95
23.0,33.27,30.95
24.0,34.08,30.95
25.0,34.49,34.13
26.0,35.1,34.13
27.0,36.12,34.13
28.0,37.14,34.13
29.0,38.98,34.13
30.0,40.2,34.13
31.0,41.43,34.92
32.0,42.65,34.92
33.0,43.47,34.92
34.0,44.69,34.92
35.0,45.51,35.71
36.0,46.33,36.51
37.0,47.55,36.51
38.0,48.16,36.51
39.0,49.18,36.51
40.0,49.39,36.51
41.0,49.8,37.3
42.0,50.82,40.48
43.0,51.63,42.06
44.0,53.88,42.06
45.0,54.29,43.65
46.0,54.69,43.65
47.0,55.92,43.65
48.0,56.33,44.44
49.0,56.73,44.44
50.0,58.57,46.03
51.0,59.8,48.41
52.0,60.41,48.41
53.0,60.82,48.41
54.0,61.22,48.41
55.0,63.27,49.21
56.0,63.88,49.21
57.0,65.1,50.0
58.0,66.33,50.0
59.0,66.73,50.79
60.0,68.57,52.38
61.0,68.98,53.97
62.0,70.61,55.56
63.0,71.63,55.56
64.0,72.65,55.56
65.0,72.65,57.14
66.0,75.1,57.14
67.0,75.92,60.32
68.0,76.33,64.29
69.0,77.35,64.29
70.0,77.96,67.46
71.0,79.18,69.05
72.0,80.82,69.84
73.0,81.84,73.02
74.0,81.84,73.81
75.0,81.84,75.4
76.0,84.29,76.98
77.0,84.69,76.98
78.0,85.1,80.16
79.0,85.71,82.54
80.0,86.53,82.54
81.0,87.35,84.13
82.0,87.76,84.13
83.0,88.78,84.13
84.0,89.18,84.92
85.0,90.61,85.71
86.0,91.22,88.1
87.0,92.04,88.89
88.0,92.45,88.89
89.0,93.27,88.89
90.0,94.49,88.89
91.0,96.33,92.06
92.0,97.35,92.86
93.0,97.55,93.65
94.0,97.76,93.65
95.0,97.76,93.65
96.0,98.16,93.65
97.0,98.37,95.24
98.0,98.78,95.24
99.0,98.98,98.41
100.0,100.0,100.0
