,queda_media_auc,desvio
renda_per_capita,-0.05102163690293176,0.012848554254640083
OCCUPATION_TYPE,-0.011585328806551743,0.013523137081826933
FLAG_OWN_REALTY,-0.007980703349408291,0.013225252806854977
idade_anos,-0.00011335254141000561,0.00024231529351709675
AMT_INCOME_TOTAL,0.0008076505828305398,0.007168039008643297
NAME_HOUSING_TYPE,0.002279696389408718,0.005614967760292116
cadastro_inconsistente,0.006199655660087433,5.373464679127899e-05
anos_empregado,0.0122203336232114,0.014430904867057871
NAME_FAMILY_STATUS,0.01320302732173245,0.012844034754033697
